{
    "6": {
        "\u09b6\u09bf\u0996\u09a8(Verb)_2": 0.091815,
        "\u09b6\u09bf\u0996\u09a8(Verb)_4": 0.0,
        "\u09b6\u09bf\u0996\u09a8(Noun)_3": 0.0,
        "\u09b6\u09bf\u0996\u09a8(Noun)_5": 31.339775,
        "\u09b6\u09bf\u0996\u09a8(Association)_2": 0.0,
        "\u09b6\u09bf\u0996\u09a8(Association)_4": 0.0
    }
}