{
    "lesson 0": {
        "module 1": 8.553614,
        "module 2": 1.725624
    },
    "lesson 1": {
        "module 2": 7.006663,
        "module 1": 14.377034
    }
}