{
    "lesson 0": {
        "module 0": 16.687879,
        "module 1": 19.199044
    },
    "lesson 1": {
        "module 1": 24.364189,
        "module 0": 22.212504
    }
}