{
    "1": {
        "\u09b6\u09bf\u0996\u09a8(Noun)_1": 3.210307,
        "\u09b6\u09bf\u0996\u09a8(Association)_1": 0.862014
    },
    "2": {
        "\u09b6\u09bf\u0996\u09a8(Activity)_1": 4.024812,
        "\u09b6\u09bf\u0996\u09a8(Noun)_1": 1.680111
    }
}