{
    "lesson 0": {
        "module 1": 2.311745,
        "module 2": 2.868549
    }
}