{
    "lesson 0": {
        "module 1": 0.03322,
        "module 2": 0.416644
    }
}