{
    "6": {
        "\u09b6\u09bf\u0996\u09a8(Verb)_2": 1.16787,
        "\u09b6\u09bf\u0996\u09a8(Verb)_4": 3.598719,
        "\u09b6\u09bf\u0996\u09a8(Noun)_3": 6.75109,
        "\u09b6\u09bf\u0996\u09a8(Noun)_5": 9.261099,
        "\u09b6\u09bf\u0996\u09a8(Association)_2": 11.643258,
        "\u09b6\u09bf\u0996\u09a8(Association)_4": 13.580333
    }
}