{
  "lesson_id": "6",
  "module_wise_time": [
    {
      "(Verb)_2": 1.16787,
      "(Verb)_4": 3.598719,
      "(Noun)_3": 6.75109,
      "(Noun)_5": 9.261099,
      "(Association)_2": 11.643258,
      "(Association)_4": 13.580333
    }
  ]
}
